country,percent
DE,16.293754
US,10.377488
BR,8.524365
FR,8.085106
GB,6.643789
